,transaction_str,txn_id
0,"[{'amount': -32, 'dt': Timestamp('2018-01-01 04:16:00+0000', tz='UTC'), 'price': 311.34999118354096, 'order_id': 'f64ab95eee804339a54c10e1aa89f414', 'sid': Equity(7 [SBIN]), 'commission': None}]",0
1,[],1
2,[],2
3,[],3
4,[],4
5,[],5
6,[],6
7,[],7
8,"[{'amount': -1, 'dt': Timestamp('2018-01-11 04:16:00+0000', tz='UTC'), 'price': 301.1499999931838, 'order_id': 'b2d02fe9511c42b3af2c75d078ea1b89', 'sid': Equity(7 [SBIN]), 'commission': None}]",8
9,[],9
10,[],10
11,[],11
12,[],12
13,"[{'amount': 1, 'dt': Timestamp('2018-01-18 04:16:00+0000', tz='UTC'), 'price': 312.7000000063911, 'order_id': 'c41096680677423aacf8f0c8e65e00fe', 'sid': Equity(7 [SBIN]), 'commission': None}]",13
14,[],14
15,[],15
16,[],16
17,[],17
18,"[{'amount': 1, 'dt': Timestamp('2018-01-25 04:16:00+0000', tz='UTC'), 'price': 321.7500000016931, 'order_id': '8c3c889ef03e4f9a958f0109df46c05f', 'sid': Equity(7 [SBIN]), 'commission': None}]",18
19,[],19
20,[],20
21,[],21
22,[],22
23,"[{'amount': -2, 'dt': Timestamp('2018-02-02 04:16:00+0000', tz='UTC'), 'price': 302.64999999066015, 'order_id': 'dc68f8d02d89414395775f0650525b12', 'sid': Equity(7 [SBIN]), 'commission': None}]",23
24,"[{'amount': -1, 'dt': Timestamp('2018-02-05 04:16:00+0000', tz='UTC'), 'price': 290.89999997620555, 'order_id': '8131d0a4e13e416f872449dd37bc43c2', 'sid': Equity(7 [SBIN]), 'commission': None}]",24
25,"[{'amount': -1, 'dt': Timestamp('2018-02-06 04:16:00+0000', tz='UTC'), 'price': 286.9999999937183, 'order_id': '73a9ad107bb44d02a114825c66183425', 'sid': Equity(7 [SBIN]), 'commission': None}]",25
26,[],26
27,[],27
28,"[{'amount': 1, 'dt': Timestamp('2018-02-09 04:16:00+0000', tz='UTC'), 'price': 298.4500000156798, 'order_id': '059ef5bd64d14ab2981a4fc312b243b5', 'sid': Equity(7 [SBIN]), 'commission': None}]",28
29,[],29
30,"[{'amount': -1, 'dt': Timestamp('2018-02-14 04:16:00+0000', tz='UTC'), 'price': 283.9999999967644, 'order_id': 'a614f9195b1643b081b2b2d58d13d90a', 'sid': Equity(7 [SBIN]), 'commission': None}]",30
31,"[{'amount': -1, 'dt': Timestamp('2018-02-15 04:16:00+0000', tz='UTC'), 'price': 279.7499999887, 'order_id': '76740f598f3c45eda33692f2c5794b48', 'sid': Equity(7 [SBIN]), 'commission': None}]",31
32,[],32
33,"[{'amount': -1, 'dt': Timestamp('2018-02-19 04:16:00+0000', tz='UTC'), 'price': 268.7499999997917, 'order_id': '584281e3e654470c9417134499d740ab', 'sid': Equity(7 [SBIN]), 'commission': None}]",33
34,[],34
35,[],35
36,[],36
37,[],37
38,[],38
39,[],39
40,"[{'amount': -1, 'dt': Timestamp('2018-02-28 04:16:00+0000', tz='UTC'), 'price': 264.749999999536, 'order_id': '72f960a9dfc64532b765816c4a5e438a', 'sid': Equity(7 [SBIN]), 'commission': None}]",40
41,[],41
42,"[{'amount': -1, 'dt': Timestamp('2018-03-05 04:16:00+0000', tz='UTC'), 'price': 260.0999999913863, 'order_id': 'cbc5481d49814454ad47a40d1c7f1a64', 'sid': Equity(7 [SBIN]), 'commission': None}]",42
43,[],43
44,"[{'amount': -1, 'dt': Timestamp('2018-03-07 04:16:00+0000', tz='UTC'), 'price': 252.79999999072524, 'order_id': '63e1ba7d6c9f49b48531e8afb7a9bcb4', 'sid': Equity(7 [SBIN]), 'commission': None}]",44
45,"[{'amount': -1, 'dt': Timestamp('2018-03-08 04:16:00+0000', tz='UTC'), 'price': 245.59999999526406, 'order_id': 'c0fa3eba4fa7498b91688050f5da83ce', 'sid': Equity(7 [SBIN]), 'commission': None}]",45
46,[],46
47,[],47
48,"[{'amount': 1, 'dt': Timestamp('2018-03-13 04:16:00+0000', tz='UTC'), 'price': 256.4500000030456, 'order_id': '7f85e45ebb68462989cef4c48cf84435', 'sid': Equity(7 [SBIN]), 'commission': None}]",48
49,[],49
50,[],50
51,[],51
52,[],52
53,"[{'amount': -1, 'dt': Timestamp('2018-03-20 04:16:00+0000', tz='UTC'), 'price': 249.19999999912758, 'order_id': '031ff54c86e54346bd316f0ef126e206', 'sid': Equity(7 [SBIN]), 'commission': None}]",53
54,[],54
55,[],55
56,"[{'amount': -2, 'dt': Timestamp('2018-03-23 04:16:00+0000', tz='UTC'), 'price': 235.39999996407943, 'order_id': 'a221d170ec044c868c846b6ce07bd7fd', 'sid': Equity(7 [SBIN]), 'commission': None}]",56
57,[],57
58,"[{'amount': 2, 'dt': Timestamp('2018-03-27 04:16:00+0000', tz='UTC'), 'price': 249.65000001050143, 'order_id': 'fa3e0248714548908de95483eff08b5b', 'sid': Equity(7 [SBIN]), 'commission': None}]",58
59,[],59
60,[],60
61,[],61
62,[],62
63,[],63
64,"[{'amount': 1, 'dt': Timestamp('2018-04-06 04:16:00+0000', tz='UTC'), 'price': 255.8500000034829, 'order_id': '34ac413c336646edb9918bc5c083beb3', 'sid': Equity(7 [SBIN]), 'commission': None}]",64
65,"[{'amount': 1, 'dt': Timestamp('2018-04-09 04:16:00+0000', tz='UTC'), 'price': 262.00000008225663, 'order_id': 'f43ca3cdfdf349b5b8bfce26d821cb99', 'sid': Equity(7 [SBIN]), 'commission': None}]",65
66,[],66
67,[],67
68,[],68
69,[],69
70,"[{'amount': -1, 'dt': Timestamp('2018-04-16 04:16:00+0000', tz='UTC'), 'price': 250.29999996869643, 'order_id': 'dcde85630e1b416eba0086c390159763', 'sid': Equity(7 [SBIN]), 'commission': None}]",70
71,[],71
72,"[{'amount': -1, 'dt': Timestamp('2018-04-18 04:16:00+0000', tz='UTC'), 'price': 248.0499999825836, 'order_id': '0446870ae5994a6abc2d2deb0eb63254', 'sid': Equity(7 [SBIN]), 'commission': None}]",72
73,[],73
74,"[{'amount': -1, 'dt': Timestamp('2018-04-20 04:16:00+0000', tz='UTC'), 'price': 242.7499999989097, 'order_id': '7cd3b81079dd40bd8628b0797f34a951', 'sid': Equity(7 [SBIN]), 'commission': None}]",74
75,[],75
76,[],76
77,[],77
78,"[{'amount': -1, 'dt': Timestamp('2018-04-26 04:16:00+0000', tz='UTC'), 'price': 237.44999998737146, 'order_id': '058e947ba00c4338a1737f0bae31bd0c', 'sid': Equity(7 [SBIN]), 'commission': None}]",78
79,[],79
80,"[{'amount': 1, 'dt': Timestamp('2018-04-30 04:16:00+0000', tz='UTC'), 'price': 246.15000009877696, 'order_id': '8e3a621de2814c718bcf954ce17ba411', 'sid': Equity(7 [SBIN]), 'commission': None}]",80
81,[],81
82,[],82
83,[],83
84,[],84
85,[],85
86,[],86
87,"[{'amount': 1, 'dt': Timestamp('2018-05-10 04:16:00+0000', tz='UTC'), 'price': 249.20000000416428, 'order_id': '7b59edccc0bf489bba3068ffd4d5d1b1', 'sid': Equity(7 [SBIN]), 'commission': None}]",87
88,[],88
89,[],89
90,"[{'amount': 1, 'dt': Timestamp('2018-05-15 04:16:00+0000', tz='UTC'), 'price': 254.75000002852, 'order_id': '750f183ec14a49a397dc1b40845571eb', 'sid': Equity(7 [SBIN]), 'commission': None}]",90
91,"[{'amount': -2, 'dt': Timestamp('2018-05-16 04:16:00+0000', tz='UTC'), 'price': 242.04999996058447, 'order_id': '5635d21a31eb4fcd904cab4b53a28b52', 'sid': Equity(7 [SBIN]), 'commission': None}]",91
92,[],92
93,[],93
94,[],94
95,[],95
96,"[{'amount': 3, 'dt': Timestamp('2018-05-23 04:16:00+0000', tz='UTC'), 'price': 264.8500000055139, 'order_id': 'caa3aa1dc09a42838b0b1f2234261685', 'sid': Equity(7 [SBIN]), 'commission': None}]",96
97,[],97
98,[],98
99,"[{'amount': 76, 'dt': Timestamp('2018-05-28 04:16:00+0000', tz='UTC'), 'price': 269.1000252631709, 'order_id': '3cc6153c98d44a659df1dc4457d12dfe', 'sid': Equity(7 [SBIN]), 'commission': None}]",99
100,[],100
101,"[{'amount': 1, 'dt': Timestamp('2018-05-30 04:16:00+0000', tz='UTC'), 'price': 262.55000000597437, 'order_id': '093a98c69abc42eb8b3f5c24f8475af4', 'sid': Equity(7 [SBIN]), 'commission': None}]",101
102,[],102
103,[],103
104,[],104
105,[],105
106,[],106
107,[],107
108,[],108
109,"[{'amount': -1, 'dt': Timestamp('2018-06-11 04:16:00+0000', tz='UTC'), 'price': 277.84999999333354, 'order_id': '4536f29650fd4de19d0416bf0c266b80', 'sid': Equity(7 [SBIN]), 'commission': None}]",109
110,[],110
111,"[{'amount': -1, 'dt': Timestamp('2018-06-13 04:16:00+0000', tz='UTC'), 'price': 285.8999999833016, 'order_id': '444d1df501a7471f8a611905bf559f22', 'sid': Equity(7 [SBIN]), 'commission': None}]",111
112,[],112
113,[],113
114,[],114
115,[],115
116,"[{'amount': 1, 'dt': Timestamp('2018-06-20 04:16:00+0000', tz='UTC'), 'price': 272.4500000740224, 'order_id': '967643baeb024e1b978ae0daec1c69b4', 'sid': Equity(7 [SBIN]), 'commission': None}]",116
117,[],117
118,[],118
119,[],119
120,[],120
121,"[{'amount': 1, 'dt': Timestamp('2018-06-27 04:16:00+0000', tz='UTC'), 'price': 264.75000003038934, 'order_id': 'cddf685aacd645a7b322e2039ab60036', 'sid': Equity(7 [SBIN]), 'commission': None}]",121
122,"[{'amount': 1, 'dt': Timestamp('2018-06-28 04:16:00+0000', tz='UTC'), 'price': 257.90000000564226, 'order_id': '33c255236b784f928341b52e86f05fbe', 'sid': Equity(7 [SBIN]), 'commission': None}]",122
123,[],123
124,[],124
125,[],125
126,[],126
127,[],127
128,[],128
129,[],129
130,[],130
131,[],131
132,[],132
133,[],133
134,[],134
135,"[{'amount': -78, 'dt': Timestamp('2018-07-17 04:16:00+0000', tz='UTC'), 'price': 253.19969424399903, 'order_id': '901161186722432c9cb14a94fc20006d', 'sid': Equity(7 [SBIN]), 'commission': None}]",135
136,[],136
137,[],137
138,[],138
139,[],139
140,"[{'amount': 1, 'dt': Timestamp('2018-07-24 04:16:00+0000', tz='UTC'), 'price': 268.05000000509654, 'order_id': '4aed5b0879b44001b2a042d9ba2baeff', 'sid': Equity(7 [SBIN]), 'commission': None}]",140
141,[],141
142,"[{'amount': 1, 'dt': Timestamp('2018-07-26 04:16:00+0000', tz='UTC'), 'price': 276.1000000191095, 'order_id': 'bfcc0f6e15584790b6b1a14982369a29', 'sid': Equity(7 [SBIN]), 'commission': None}]",142
143,"[{'amount': 2, 'dt': Timestamp('2018-07-27 04:16:00+0000', tz='UTC'), 'price': 286.10000007755707, 'order_id': '21c0e08fb558431cac1d98d2174e80e6', 'sid': Equity(7 [SBIN]), 'commission': None}]",143
144,"[{'amount': 1, 'dt': Timestamp('2018-07-30 04:16:00+0000', tz='UTC'), 'price': 294.7000000004724, 'order_id': '0d35d77698524dc4add948f6a5c70851', 'sid': Equity(7 [SBIN]), 'commission': None}]",144
145,[],145
146,[],146
147,"[{'amount': 67, 'dt': Timestamp('2018-08-02 04:16:00+0000', tz='UTC'), 'price': 291.6500955246148, 'order_id': 'ec69b3586c5944e6a8ae9d21c4fbabbc', 'sid': Equity(7 [SBIN]), 'commission': None}]",147
148,[],148
149,[],149
150,[],150
151,[],151
152,"[{'amount': -1, 'dt': Timestamp('2018-08-09 04:16:00+0000', tz='UTC'), 'price': 313.0499999985086, 'order_id': '8672aa8fe2054d18aa748fc6c56a7671', 'sid': Equity(7 [SBIN]), 'commission': None}]",152
153,[],153
154,"[{'amount': 1, 'dt': Timestamp('2018-08-13 04:16:00+0000', tz='UTC'), 'price': 295.0500000005106, 'order_id': 'dad5ff7aced941838686b1ace898bd23', 'sid': Equity(7 [SBIN]), 'commission': None}]",154
155,[],155
156,[],156
157,[],157
158,[],158
159,[],159
160,[],160
161,[],161
162,[],162
163,[],163
164,[],164
165,[],165
166,[],166
167,[],167
168,[],168
169,[],169
170,[],170
171,[],171
172,[],172
173,"[{'amount': 1, 'dt': Timestamp('2018-09-11 04:16:00+0000', tz='UTC'), 'price': 287.8000000184804, 'order_id': 'f782440bb8244cc5a633c13c7eab0e03', 'sid': Equity(7 [SBIN]), 'commission': None}]",173
174,[],174
175,[],175
176,[],176
177,"[{'amount': 1, 'dt': Timestamp('2018-09-18 04:16:00+0000', tz='UTC'), 'price': 281.90000000240036, 'order_id': '5e750df49a4140158deec0a47d47d7c1', 'sid': Equity(7 [SBIN]), 'commission': None}]",177
178,"[{'amount': 1, 'dt': Timestamp('2018-09-19 04:16:00+0000', tz='UTC'), 'price': 272.6000000018813, 'order_id': '551b5ad32d2c46539bd94c78c43ffcbe', 'sid': Equity(7 [SBIN]), 'commission': None}]",178
179,[],179
180,[],180
181,"[{'amount': 1, 'dt': Timestamp('2018-09-25 04:16:00+0000', tz='UTC'), 'price': 262.1000000064872, 'order_id': 'd6a87b5aa5554b88848e768b4d97108d', 'sid': Equity(7 [SBIN]), 'commission': None}]",181
182,[],182
183,"[{'amount': -73, 'dt': Timestamp('2018-09-27 04:16:00+0000', tz='UTC'), 'price': 266.5999369897399, 'order_id': 'fb346a8a17b44f78bf920a65d7f6d5ff', 'sid': Equity(7 [SBIN]), 'commission': None}]",183
184,"[{'amount': -1, 'dt': Timestamp('2018-09-28 04:16:00+0000', tz='UTC'), 'price': 264.29999993477566, 'order_id': '0754fd61643b4f80912698dc29d57826', 'sid': Equity(7 [SBIN]), 'commission': None}]",184
185,[],185
186,[],186
187,[],187
188,[],188
189,[],189
190,[],190
191,[],191
192,[],192
193,[],193
194,[],194
195,[],195
196,"[{'amount': 1, 'dt': Timestamp('2018-10-17 04:16:00+0000', tz='UTC'), 'price': 273.00000002273424, 'order_id': 'fcb94c63b621449aa597209f54aa6e2f', 'sid': Equity(7 [SBIN]), 'commission': None}]",196
197,"[{'amount': -1, 'dt': Timestamp('2018-10-19 04:16:00+0000', tz='UTC'), 'price': 260.69999999728566, 'order_id': 'ee39f666bf8a4defa6766675d362e991', 'sid': Equity(7 [SBIN]), 'commission': None}]",197
198,[],198
199,"[{'amount': -1, 'dt': Timestamp('2018-10-23 04:16:00+0000', tz='UTC'), 'price': 257.59999999656156, 'order_id': '1e158b2de4c943eebe7e47439f8fb35f', 'sid': Equity(7 [SBIN]), 'commission': None}]",199
200,[],200
201,[],201
202,"[{'amount': -1, 'dt': Timestamp('2018-10-26 04:16:00+0000', tz='UTC'), 'price': 248.29999999799065, 'order_id': '27bdca29fd0a479fa6f7a757179bc886', 'sid': Equity(7 [SBIN]), 'commission': None}]",202
203,[],203
204,"[{'amount': 3, 'dt': Timestamp('2018-10-30 04:16:00+0000', tz='UTC'), 'price': 273.20000005199665, 'order_id': 'a0d4d21dfa51443096702608981fd2d6', 'sid': Equity(7 [SBIN]), 'commission': None}]",204
205,[],205
206,"[{'amount': 1, 'dt': Timestamp('2018-11-01 04:16:00+0000', tz='UTC'), 'price': 282.650000000679, 'order_id': 'e1fabc4395f34fc4ab278fe9faf644c8', 'sid': Equity(7 [SBIN]), 'commission': None}]",206
207,"[{'amount': 1, 'dt': Timestamp('2018-11-02 04:16:00+0000', tz='UTC'), 'price': 291.2500000071277, 'order_id': '3a12b2c6852749daae36f183b6ac7a65', 'sid': Equity(7 [SBIN]), 'commission': None}]",207
208,[],208
209,[],209
210,[],210
211,[],211
212,"[{'amount': -1, 'dt': Timestamp('2018-11-13 04:16:00+0000', tz='UTC'), 'price': 276.9999999970512, 'order_id': '6de17ebc9d0a44899e6f5756caa15f59', 'sid': Equity(7 [SBIN]), 'commission': None}]",212
213,[],213
214,[],214
215,[],215
216,"[{'amount': 1, 'dt': Timestamp('2018-11-19 04:16:00+0000', tz='UTC'), 'price': 288.6000000331944, 'order_id': '75088c75ef0e4d1a919ea7c0f4ec7517', 'sid': Equity(7 [SBIN]), 'commission': None}]",216
217,"[{'amount': 68, 'dt': Timestamp('2018-11-20 04:16:00+0000', tz='UTC'), 'price': 285.80012115512693, 'order_id': '97dcf17735f8451aadd25d983cd903b3', 'sid': Equity(7 [SBIN]), 'commission': None}]",217
218,[],218
219,[],219
220,[],220
221,[],221
222,[],222
223,[],223
224,[],224
225,[],225
226,[],226
227,[],227
228,[],228
229,"[{'amount': 1, 'dt': Timestamp('2018-12-07 04:16:00+0000', tz='UTC'), 'price': 275.75000003917495, 'order_id': 'bdd1d3107af0456e9f2de140fc8f4913', 'sid': Equity(7 [SBIN]), 'commission': None}]",229
230,[],230
231,[],231
232,[],232
233,"[{'amount': -1, 'dt': Timestamp('2018-12-13 04:16:00+0000', tz='UTC'), 'price': 292.69999997842626, 'order_id': 'b0ae878167464e74953cf343acc3372a', 'sid': Equity(7 [SBIN]), 'commission': None}]",233
234,[],234
235,[],235
236,[],236
237,"[{'amount': -1, 'dt': Timestamp('2018-12-19 04:16:00+0000', tz='UTC'), 'price': 296.7999999992147, 'order_id': '79cd599ba3ac4fe1a0dc055cca19e0ac', 'sid': Equity(7 [SBIN]), 'commission': None}]",237
238,[],238
239,[],239
240,[],240
241,[],241
242,[],242
243,[],243
244,[],244
245,[],245
246,[],246
247,[],247
248,[],248
249,[],249
250,[],250
251,[],251
252,[],252
253,[],253
254,[],254
255,[],255
256,[],256
257,[],257
258,[],258
259,[],259
260,[],260
261,[],261
262,[],262
263,[],263
264,"[{'amount': 1, 'dt': Timestamp('2019-01-28 04:16:00+0000', tz='UTC'), 'price': 283.35000000433615, 'order_id': '7c6bc2c781ee4e3ab97f7ae6da515148', 'sid': Equity(7 [SBIN]), 'commission': None}]",264
265,[],265
266,[],266
267,[],267
268,[],268
269,[],269
270,[],270
271,[],271
272,[],272
273,"[{'amount': -68, 'dt': Timestamp('2019-02-08 04:16:00+0000', tz='UTC'), 'price': 284.0999911003639, 'order_id': 'f85dc740a5cc4ecb92478dbd10d7c481', 'sid': Equity(7 [SBIN]), 'commission': None}]",273
274,[],274
275,[],275
276,"[{'amount': -1, 'dt': Timestamp('2019-02-13 04:16:00+0000', tz='UTC'), 'price': 273.64999999011656, 'order_id': '381e598577344f1dad1563084c6e4f7b', 'sid': Equity(7 [SBIN]), 'commission': None}]",276
277,"[{'amount': -1, 'dt': Timestamp('2019-02-14 04:16:00+0000', tz='UTC'), 'price': 266.9499999978453, 'order_id': 'd2483fe836c84a44b4964cda89085698', 'sid': Equity(7 [SBIN]), 'commission': None}]",277
278,[],278
279,"[{'amount': -1, 'dt': Timestamp('2019-02-18 04:16:00+0000', tz='UTC'), 'price': 263.8999999797578, 'order_id': 'cbd98a389efe4cf5a968d099af166d67', 'sid': Equity(7 [SBIN]), 'commission': None}]",279
280,[],280
281,[],281
282,[],282
283,[],283
284,[],284
285,[],285
286,[],286
287,[],287
288,"[{'amount': 1, 'dt': Timestamp('2019-03-01 04:16:00+0000', tz='UTC'), 'price': 271.7000001692263, 'order_id': 'e98370ed2930434b87e8b000bb02ac82', 'sid': Equity(7 [SBIN]), 'commission': None}]",288
289,[],289
290,"[{'amount': 1, 'dt': Timestamp('2019-03-06 04:16:00+0000', tz='UTC'), 'price': 281.20000000383953, 'order_id': 'c18d2dfc687440d1973eb9fc932fbfd4', 'sid': Equity(7 [SBIN]), 'commission': None}]",290
291,[],291
292,[],292
293,"[{'amount': 1, 'dt': Timestamp('2019-03-11 04:16:00+0000', tz='UTC'), 'price': 288.10000000074444, 'order_id': 'fda9d5e38b0a46ab8206238c0d248a8d', 'sid': Equity(7 [SBIN]), 'commission': None}]",293
294,[],294
295,[],295
296,"[{'amount': 1, 'dt': Timestamp('2019-03-14 04:16:00+0000', tz='UTC'), 'price': 294.10000000315, 'order_id': '8224360fb5924f6f966eec462e3a82f5', 'sid': Equity(7 [SBIN]), 'commission': None}]",296
297,[],297
298,[],298
299,"[{'amount': 1, 'dt': Timestamp('2019-03-19 04:16:00+0000', tz='UTC'), 'price': 301.85000000514816, 'order_id': '51a3d69dd66d4f998a9e9a92d70c5786', 'sid': Equity(7 [SBIN]), 'commission': None}]",299
300,[],300
301,[],301
302,[],302
303,"[{'amount': 64, 'dt': Timestamp('2019-03-26 04:16:00+0000', tz='UTC'), 'price': 297.1500273432193, 'order_id': 'e81ef5d3c21c4d1a9109b31997c1d025', 'sid': Equity(7 [SBIN]), 'commission': None}]",303
304,[],304
305,[],305
306,"[{'amount': -1, 'dt': Timestamp('2019-03-29 04:16:00+0000', tz='UTC'), 'price': 319.3999999966852, 'order_id': 'feacd8c149c64285862772d47b529007', 'sid': Equity(7 [SBIN]), 'commission': None}]",306
307,[],307
308,"[{'amount': -1, 'dt': Timestamp('2019-04-02 04:16:00+0000', tz='UTC'), 'price': 326.8999999988084, 'order_id': '6b4675e7f6144ef295d2128af7a23ead', 'sid': Equity(7 [SBIN]), 'commission': None}]",308
309,[],309
310,[],310
311,[],311
312,[],312
313,"[{'amount': 1, 'dt': Timestamp('2019-04-09 04:16:00+0000', tz='UTC'), 'price': 310.3000000009065, 'order_id': '6ca7422973754c0caca53a0454ddd77f', 'sid': Equity(7 [SBIN]), 'commission': None}]",313
314,[],314
315,[],315
316,[],316
317,[],317
318,[],318
319,[],319
320,[],320
321,[],321
322,[],322
323,[],323
324,[],324
325,[],325
326,[],326
327,[],327
328,[],328
329,[],329
330,[],330
331,"[{'amount': 1, 'dt': Timestamp('2019-05-09 04:16:00+0000', tz='UTC'), 'price': 298.8000002024415, 'order_id': '8171b8f6fa45498ebbad1adf51e75299', 'sid': Equity(7 [SBIN]), 'commission': None}]",331
332,[],332
333,[],333
334,[],334
335,"[{'amount': -1, 'dt': Timestamp('2019-05-15 04:16:00+0000', tz='UTC'), 'price': 315.2999999900682, 'order_id': '4a8cf41e73cb4842838c877d7bf6a624', 'sid': Equity(7 [SBIN]), 'commission': None}]",335
336,[],336
337,[],337
338,"[{'amount': -1, 'dt': Timestamp('2019-05-20 04:16:00+0000', tz='UTC'), 'price': 333.6999999937895, 'order_id': 'dd31d1a92dab4953b1eb51cb92a431ed', 'sid': Equity(7 [SBIN]), 'commission': None}]",338
339,"[{'amount': -1, 'dt': Timestamp('2019-05-21 04:16:00+0000', tz='UTC'), 'price': 342.64999999517187, 'order_id': '0b61538d77884134977e95b520153fe0', 'sid': Equity(7 [SBIN]), 'commission': None}]",339
340,[],340
341,"[{'amount': -1, 'dt': Timestamp('2019-05-23 04:16:00+0000', tz='UTC'), 'price': 355.69999999948027, 'order_id': '4da514f6828a4e5dbb7932e5dfa66c42', 'sid': Equity(7 [SBIN]), 'commission': None}]",341
342,[],342
343,[],343
344,[],344
345,[],345
346,[],346
347,[],347
348,[],348
349,[],349
350,[],350
351,[],351
352,[],352
353,[],353
354,[],354
355,[],355
356,[],356
357,[],357
358,"[{'amount': 1, 'dt': Timestamp('2019-06-18 04:16:00+0000', tz='UTC'), 'price': 334.20000000364007, 'order_id': 'a6011ebdc02b4a31b3e084245155ebf8', 'sid': Equity(7 [SBIN]), 'commission': None}]",358
359,[],359
360,[],360
361,[],361
362,[],362
363,"[{'amount': -1, 'dt': Timestamp('2019-06-25 04:16:00+0000', tz='UTC'), 'price': 354.4499999978731, 'order_id': '6ba0e8052ad340748e3dfb7cc85b0951', 'sid': Equity(7 [SBIN]), 'commission': None}]",363
364,[],364
365,[],365
366,[],366
367,[],367
368,[],368
369,[],369
370,"[{'amount': -1, 'dt': Timestamp('2019-07-04 04:16:00+0000', tz='UTC'), 'price': 369.99999998048787, 'order_id': 'd32744efb6304cef9c480f5e52c0ecc1', 'sid': Equity(7 [SBIN]), 'commission': None}]",370
371,[],371
372,[],372
373,[],373
374,[],374
375,[],375
376,[],376
377,[],377
378,[],378
379,[],379
380,[],380
381,[],381
382,[],382
383,"[{'amount': 1, 'dt': Timestamp('2019-07-23 04:16:00+0000', tz='UTC'), 'price': 347.650000005331, 'order_id': '81c69d9f278f451984c0e0b02ef716c1', 'sid': Equity(7 [SBIN]), 'commission': None}]",383
384,[],384
385,[],385
386,[],386
387,[],387
388,[],388
389,"[{'amount': 1, 'dt': Timestamp('2019-07-31 04:16:00+0000', tz='UTC'), 'price': 329.30000000729626, 'order_id': '6b3e512b3afc4d018580888e536dd873', 'sid': Equity(7 [SBIN]), 'commission': None}]",389
390,[],390
391,"[{'amount': -59, 'dt': Timestamp('2019-08-02 04:16:00+0000', tz='UTC'), 'price': 315.7999644728405, 'order_id': '358eba48c8b84a11a5db116cd47e01e2', 'sid': Equity(7 [SBIN]), 'commission': None}]",391
392,"[{'amount': -3, 'dt': Timestamp('2019-08-05 04:16:00+0000', tz='UTC'), 'price': 292.8999999932942, 'order_id': 'cfee0d1f74b84af79fbcabaf05935055', 'sid': Equity(7 [SBIN]), 'commission': None}]",392
393,[],393
394,[],394
395,[],395
396,[],396
397,[],397
398,"[{'amount': -1, 'dt': Timestamp('2019-08-14 04:16:00+0000', tz='UTC'), 'price': 286.2999999731366, 'order_id': '1b6f4b14b5c247ee8b94771263d2f2a7', 'sid': Equity(7 [SBIN]), 'commission': None}]",398
399,[],399
400,[],400
401,[],401
402,[],402
403,"[{'amount': -1, 'dt': Timestamp('2019-08-22 04:16:00+0000', tz='UTC'), 'price': 275.1999999594211, 'order_id': '115482db7f75490fb52c351c48628e81', 'sid': Equity(7 [SBIN]), 'commission': None}]",403
404,"[{'amount': -2, 'dt': Timestamp('2019-08-23 04:16:00+0000', tz='UTC'), 'price': 263.99999999133865, 'order_id': 'f7585ac6d86d4398b81f2febd4216bce', 'sid': Equity(7 [SBIN]), 'commission': None}]",404
405,"[{'amount': 1, 'dt': Timestamp('2019-08-26 04:16:00+0000', tz='UTC'), 'price': 277.60000000011314, 'order_id': 'd78916c53bba4b209440809403af262a', 'sid': Equity(7 [SBIN]), 'commission': None}]",405
406,"[{'amount': 1, 'dt': Timestamp('2019-08-27 04:16:00+0000', tz='UTC'), 'price': 285.4000000030406, 'order_id': 'fce1cd6ced8447f9b95e735629bb4796', 'sid': Equity(7 [SBIN]), 'commission': None}]",406
407,[],407
408,[],408
409,[],409
410,"[{'amount': -1, 'dt': Timestamp('2019-09-03 04:16:00+0000', tz='UTC'), 'price': 268.949999997314, 'order_id': '063f56ebde624b47b4532ba963df442f', 'sid': Equity(7 [SBIN]), 'commission': None}]",410
411,[],411
412,[],412
413,[],413
414,[],414
415,"[{'amount': 1, 'dt': Timestamp('2019-09-11 04:16:00+0000', tz='UTC'), 'price': 281.45000004819383, 'order_id': 'd5a4e63eda4d42348a947d6b3b5232f9', 'sid': Equity(7 [SBIN]), 'commission': None}]",415
416,[],416
417,[],417
418,"[{'amount': 1, 'dt': Timestamp('2019-09-16 04:16:00+0000', tz='UTC'), 'price': 288.5500000151465, 'order_id': '9f3a95cb830b4143b7aaf256b15c3a7b', 'sid': Equity(7 [SBIN]), 'commission': None}]",418
419,[],419
420,"[{'amount': -1, 'dt': Timestamp('2019-09-18 04:16:00+0000', tz='UTC'), 'price': 276.2499999957535, 'order_id': 'd6cc482464074845adea89e7406a1c36', 'sid': Equity(7 [SBIN]), 'commission': None}]",420
421,[],421
422,"[{'amount': -1, 'dt': Timestamp('2019-09-20 04:16:00+0000', tz='UTC'), 'price': 271.899999991375, 'order_id': 'b46f3fde4bea4e7d999ab25e4c185d07', 'sid': Equity(7 [SBIN]), 'commission': None}]",422
423,"[{'amount': 4, 'dt': Timestamp('2019-09-23 04:16:00+0000', tz='UTC'), 'price': 306.00000005576385, 'order_id': '09a557a3966b43cc81e52e297c060e64', 'sid': Equity(7 [SBIN]), 'commission': None}]",423
424,[],424
425,"[{'amount': -1, 'dt': Timestamp('2019-09-25 04:16:00+0000', tz='UTC'), 'price': 293.94999998959554, 'order_id': '39bc9c9e1e514463aea70c0decb467b8', 'sid': Equity(7 [SBIN]), 'commission': None}]",425
426,"[{'amount': -2, 'dt': Timestamp('2019-09-26 04:16:00+0000', tz='UTC'), 'price': 281.09999999961485, 'order_id': '8bd9bac3f3e54d6492ac8e50813b8448', 'sid': Equity(7 [SBIN]), 'commission': None}]",426
427,[],427
428,[],428
429,"[{'amount': -1, 'dt': Timestamp('2019-10-01 04:16:00+0000', tz='UTC'), 'price': 272.4999999997175, 'order_id': 'ffcc7017ddeb4273bf79a0d9ff3dea87', 'sid': Equity(7 [SBIN]), 'commission': None}]",429
430,"[{'amount': -2, 'dt': Timestamp('2019-10-03 04:16:00+0000', tz='UTC'), 'price': 258.29999999839157, 'order_id': '5e89f9934c284e01b4751c47d8802e6a', 'sid': Equity(7 [SBIN]), 'commission': None}]",430
431,[],431
432,"[{'amount': -1, 'dt': Timestamp('2019-10-07 04:16:00+0000', tz='UTC'), 'price': 252.54999999975576, 'order_id': '80068f835c6944ccb9eebbb9dec29c17', 'sid': Equity(7 [SBIN]), 'commission': None}]",432
433,"[{'amount': -1, 'dt': Timestamp('2019-10-09 04:16:00+0000', tz='UTC'), 'price': 247.5499999971202, 'order_id': 'd642465044db4a49a3b7a68212171883', 'sid': Equity(7 [SBIN]), 'commission': None}]",433
434,"[{'amount': 1, 'dt': Timestamp('2019-10-10 04:16:00+0000', tz='UTC'), 'price': 254.75000000235562, 'order_id': '3f7adc1b7e5142ef8b4411c59160d149', 'sid': Equity(7 [SBIN]), 'commission': None}]",434
435,[],435
436,[],436
437,[],437
438,"[{'amount': 1, 'dt': Timestamp('2019-10-16 04:16:00+0000', tz='UTC'), 'price': 260.00000000064205, 'order_id': '7361c0226e184821a786f4eafc546b3b', 'sid': Equity(7 [SBIN]), 'commission': None}]",438
439,[],439
440,"[{'amount': 1, 'dt': Timestamp('2019-10-18 04:16:00+0000', tz='UTC'), 'price': 267.4000000021431, 'order_id': 'e1a18f2f653b4d6b8b22e51341a6ad2e', 'sid': Equity(7 [SBIN]), 'commission': None}]",440
441,[],441
442,[],442
443,"[{'amount': 1, 'dt': Timestamp('2019-10-24 04:16:00+0000', tz='UTC'), 'price': 276.250000006653, 'order_id': '277295e8b23e4d438b7ee14e0e89ab0d', 'sid': Equity(7 [SBIN]), 'commission': None}]",443
444,[],444
445,[],445
446,"[{'amount': 1, 'dt': Timestamp('2019-10-30 04:16:00+0000', tz='UTC'), 'price': 280.5000000059024, 'order_id': '062e430cc02d4ddd88eed71900a2c8e8', 'sid': Equity(7 [SBIN]), 'commission': None}]",446
447,"[{'amount': 2, 'dt': Timestamp('2019-10-31 04:16:00+0000', tz='UTC'), 'price': 299.3000000005785, 'order_id': '9a6294470ec2478287874b3470985cbd', 'sid': Equity(7 [SBIN]), 'commission': None}]",447
448,"[{'amount': 1, 'dt': Timestamp('2019-11-01 04:16:00+0000', tz='UTC'), 'price': 309.450000001872, 'order_id': 'fb2d62ecd4d7457c82d2e939daa1cdb9', 'sid': Equity(7 [SBIN]), 'commission': None}]",448
449,"[{'amount': 1, 'dt': Timestamp('2019-11-04 04:16:00+0000', tz='UTC'), 'price': 316.5000000021262, 'order_id': '97d7cb3905aa49fb9d93d68136e230d9', 'sid': Equity(7 [SBIN]), 'commission': None}]",449
450,[],450
451,[],451
452,"[{'amount': 61, 'dt': Timestamp('2019-11-07 04:16:00+0000', tz='UTC'), 'price': 321.75000744828316, 'order_id': '34dd71a25c0a43cd8931a9c9b1a6524e', 'sid': Equity(7 [SBIN]), 'commission': None}]",452
453,[],453
454,[],454
455,[],455
456,"[{'amount': 2, 'dt': Timestamp('2019-11-14 04:16:00+0000', tz='UTC'), 'price': 300.1000000005533, 'order_id': '9bd8850456ac4592b9e034ccba83d8e4', 'sid': Equity(7 [SBIN]), 'commission': None}]",456
457,"[{'amount': -1, 'dt': Timestamp('2019-11-15 04:16:00+0000', tz='UTC'), 'price': 315.84999999958546, 'order_id': 'cda833d1ac3443129b3640bb31659180', 'sid': Equity(7 [SBIN]), 'commission': None}]",457
458,"[{'amount': -1, 'dt': Timestamp('2019-11-18 04:16:00+0000', tz='UTC'), 'price': 328.0999999996995, 'order_id': '6e11ad9582ef41e485963b806dfb4063', 'sid': Equity(7 [SBIN]), 'commission': None}]",458
459,[],459
460,[],460
461,[],461
462,[],462
463,[],463
464,"[{'amount': -1, 'dt': Timestamp('2019-11-26 04:16:00+0000', tz='UTC'), 'price': 338.9499999943453, 'order_id': 'b958d9b270e64448ba9ef250f51f5260', 'sid': Equity(7 [SBIN]), 'commission': None}]",464
465,[],465
466,[],466
467,[],467
468,[],468
469,[],469
470,[],470
471,[],471
472,[],472
473,"[{'amount': 1, 'dt': Timestamp('2019-12-09 04:16:00+0000', tz='UTC'), 'price': 321.0000000003628, 'order_id': '21d304700eeb46e283347e41937492bd', 'sid': Equity(7 [SBIN]), 'commission': None}]",473
474,[],474
475,[],475
476,[],476
477,[],477
478,[],478
479,[],479
480,[],480
481,[],481
482,[],482
483,"[{'amount': -1, 'dt': Timestamp('2019-12-23 04:16:00+0000', tz='UTC'), 'price': 337.3499999958357, 'order_id': 'f5ad9b761ee442829d3d41ac10c5b7c9', 'sid': Equity(7 [SBIN]), 'commission': None}]",483
484,[],484
485,[],485
486,[],486
487,[],487
488,[],488
489,[],489
490,[],490
491,[],491
492,"[{'amount': 1, 'dt': Timestamp('2020-01-06 04:16:00+0000', tz='UTC'), 'price': 322.70000000223524, 'order_id': 'c7b30e1b161348c1b7c2152b79598737', 'sid': Equity(7 [SBIN]), 'commission': None}]",492
493,[],493
494,[],494
495,[],495
496,[],496
497,[],497
498,[],498
499,[],499
500,[],500
501,[],501
502,[],502
503,"[{'amount': -60, 'dt': Timestamp('2020-01-21 04:16:00+0000', tz='UTC'), 'price': 316.0999808218284, 'order_id': '921d51ad1adf4115bd8e73bd425cd601', 'sid': Equity(7 [SBIN]), 'commission': None}]",503
504,[],504
505,[],505
506,[],506
507,[],507
508,[],508
509,[],509
510,[],510
511,"[{'amount': -1, 'dt': Timestamp('2020-01-31 04:16:00+0000', tz='UTC'), 'price': 311.7999999935439, 'order_id': '5f5ec7d2d8b442fab3d49f4c62e38ce8', 'sid': Equity(7 [SBIN]), 'commission': None}]",511
512,"[{'amount': -1, 'dt': Timestamp('2020-02-03 04:16:00+0000', tz='UTC'), 'price': 302.2499999994763, 'order_id': 'abfd60145bb64471a6df32e7fc1f42a2', 'sid': Equity(7 [SBIN]), 'commission': None}]",512
513,[],513
514,[],514
515,"[{'amount': 1, 'dt': Timestamp('2020-02-06 04:16:00+0000', tz='UTC'), 'price': 313.5500000011657, 'order_id': '12548738c0f949f0b1d57b48735105be', 'sid': Equity(7 [SBIN]), 'commission': None}]",515
516,[],516
517,[],517
518,"[{'amount': 1, 'dt': Timestamp('2020-02-11 04:16:00+0000', tz='UTC'), 'price': 324.0000000023943, 'order_id': '775551016d5f43cc86eed31562173473', 'sid': Equity(7 [SBIN]), 'commission': None}]",518
519,[],519
520,[],520
521,[],521
522,[],522
523,[],523
524,[],524
525,[],525
526,[],526
527,[],527
528,[],528
529,[],529
530,"[{'amount': -1, 'dt': Timestamp('2020-02-28 04:16:00+0000', tz='UTC'), 'price': 311.79999999704233, 'order_id': 'a9850cff16b14b2d8c9503c5322eb768', 'sid': Equity(7 [SBIN]), 'commission': None}]",530
531,[],531
532,"[{'amount': -2, 'dt': Timestamp('2020-03-03 04:16:00+0000', tz='UTC'), 'price': 292.99999998880827, 'order_id': 'b2d049a95d86417eb29b7b82c4f816e8', 'sid': Equity(7 [SBIN]), 'commission': None}]",532
533,[],533
534,[],534
535,"[{'amount': -3, 'dt': Timestamp('2020-03-06 04:16:00+0000', tz='UTC'), 'price': 271.2999999992766, 'order_id': '74beefd4787b40e1a25f099968ffe020', 'sid': Equity(7 [SBIN]), 'commission': None}]",535
536,"[{'amount': -2, 'dt': Timestamp('2020-03-09 04:16:00+0000', tz='UTC'), 'price': 255.49999999714004, 'order_id': '8fd55e8afaab43b5aa62d20b33841347', 'sid': Equity(7 [SBIN]), 'commission': None}]",536
537,[],537
538,"[{'amount': -5, 'dt': Timestamp('2020-03-12 04:16:00+0000', tz='UTC'), 'price': 226.9999999947084, 'order_id': '51af70676aed418db8e3076293ad528b', 'sid': Equity(7 [SBIN]), 'commission': None}]",538
539,"[{'amount': -11, 'dt': Timestamp('2020-03-13 04:16:00+0000', tz='UTC'), 'price': 185.34999992980434, 'order_id': '60ba6e1275984d51bef2872cbc0c74fe', 'sid': Equity(7 [SBIN]), 'commission': None}]",539
540,"[{'amount': 10, 'dt': Timestamp('2020-03-16 04:16:00+0000', tz='UTC'), 'price': 226.450000057797, 'order_id': 'c5510f449a554af4989fe9397c645c94', 'sid': Equity(7 [SBIN]), 'commission': None}]",540
541,[],541
542,"[{'amount': -2, 'dt': Timestamp('2020-03-18 04:16:00+0000', tz='UTC'), 'price': 212.94999999767984, 'order_id': '0af7c1f7459a4707a8b72b5f6d7a37b1', 'sid': Equity(7 [SBIN]), 'commission': None}]",542
543,"[{'amount': -3, 'dt': Timestamp('2020-03-19 04:16:00+0000', tz='UTC'), 'price': 204.04999999827072, 'order_id': 'e2726080b1404f7299c6c2307c76db7c', 'sid': Equity(7 [SBIN]), 'commission': None}]",543
544,[],544
545,"[{'amount': -4, 'dt': Timestamp('2020-03-23 04:16:00+0000', tz='UTC'), 'price': 188.14999999861672, 'order_id': '15558c698487463786c0c9e78b162435', 'sid': Equity(7 [SBIN]), 'commission': None}]",545
546,"[{'amount': -2, 'dt': Timestamp('2020-03-24 04:16:00+0000', tz='UTC'), 'price': 183.19999998417927, 'order_id': 'a284a8072e054a1d9e77cd7e864f34f0', 'sid': Equity(7 [SBIN]), 'commission': None}]",546
547,"[{'amount': -2, 'dt': Timestamp('2020-03-25 04:16:00+0000', tz='UTC'), 'price': 177.69999999926495, 'order_id': '1abc9eb225c94a2a94e766cc9aec1e4a', 'sid': Equity(7 [SBIN]), 'commission': None}]",547
548,"[{'amount': 3, 'dt': Timestamp('2020-03-26 04:16:00+0000', tz='UTC'), 'price': 189.40000000263012, 'order_id': 'aa4fe0d8e9c842d4b0e35e695ba1af78', 'sid': Equity(7 [SBIN]), 'commission': None}]",548
549,"[{'amount': 6, 'dt': Timestamp('2020-03-27 04:16:00+0000', tz='UTC'), 'price': 208.85000000390826, 'order_id': '80dc1c7a2cb048d08a4e591071f582d7', 'sid': Equity(7 [SBIN]), 'commission': None}]",549
550,"[{'amount': -4, 'dt': Timestamp('2020-03-30 04:16:00+0000', tz='UTC'), 'price': 192.89999999583856, 'order_id': '4a5e533b53e3436f9c815f2ed686a3a5', 'sid': Equity(7 [SBIN]), 'commission': None}]",550
551,"[{'amount': -1, 'dt': Timestamp('2020-03-31 04:16:00+0000', tz='UTC'), 'price': 190.29999999982957, 'order_id': '59a5db8f92ae45bebd5e05fdbc50aaf7', 'sid': Equity(7 [SBIN]), 'commission': None}]",551
552,[],552
553,"[{'amount': -3, 'dt': Timestamp('2020-04-03 04:16:00+0000', tz='UTC'), 'price': 181.19999999782164, 'order_id': '484a34c02f3b46e5a2f983e26065d9ec', 'sid': Equity(7 [SBIN]), 'commission': None}]",553
554,[],554
555,"[{'amount': 1, 'dt': Timestamp('2020-04-08 04:16:00+0000', tz='UTC'), 'price': 186.25000000004388, 'order_id': '5d33069467934ce89fe5e22ace5d0dc7', 'sid': Equity(7 [SBIN]), 'commission': None}]",555
556,"[{'amount': 1, 'dt': Timestamp('2020-04-09 04:16:00+0000', tz='UTC'), 'price': 188.65000000104965, 'order_id': '2d6d58f5a8d247cb9e4f0ff0f03cf953', 'sid': Equity(7 [SBIN]), 'commission': None}]",556
557,[],557
558,[],558
559,"[{'amount': -1, 'dt': Timestamp('2020-04-16 04:16:00+0000', tz='UTC'), 'price': 183.9999999997983, 'order_id': 'e75c312594064925ac4ab000f4d8ae8b', 'sid': Equity(7 [SBIN]), 'commission': None}]",559
560,"[{'amount': 3, 'dt': Timestamp('2020-04-17 04:16:00+0000', tz='UTC'), 'price': 194.90000000967478, 'order_id': '4cc2d26e247141b4a6a5b84fbf7a404e', 'sid': Equity(7 [SBIN]), 'commission': None}]",560
561,[],561
562,"[{'amount': -1, 'dt': Timestamp('2020-04-21 04:16:00+0000', tz='UTC'), 'price': 186.3499999997441, 'order_id': '9b8562c128c74ebd833017712a9947df', 'sid': Equity(7 [SBIN]), 'commission': None}]",562
563,"[{'amount': -2, 'dt': Timestamp('2020-04-22 04:16:00+0000', tz='UTC'), 'price': 182.0999999990932, 'order_id': '21a55806199b444f99167e2b05a34208', 'sid': Equity(7 [SBIN]), 'commission': None}]",563
564,"[{'amount': 1, 'dt': Timestamp('2020-04-23 04:16:00+0000', tz='UTC'), 'price': 187.70000000103192, 'order_id': 'efbb24ea59294d3f97ecc900c17ca2be', 'sid': Equity(7 [SBIN]), 'commission': None}]",564
565,"[{'amount': -1, 'dt': Timestamp('2020-04-24 04:16:00+0000', tz='UTC'), 'price': 182.49999999971791, 'order_id': '696c4ed1e4794ce98cf23f4780e04601', 'sid': Equity(7 [SBIN]), 'commission': None}]",565
566,[],566
567,[],567
568,[],568
569,"[{'amount': 3, 'dt': Timestamp('2020-04-30 04:16:00+0000', tz='UTC'), 'price': 193.65000000484056, 'order_id': 'ef6036fcd24e49dea0ddd46c020e9910', 'sid': Equity(7 [SBIN]), 'commission': None}]",569
570,"[{'amount': -3, 'dt': Timestamp('2020-05-04 04:16:00+0000', tz='UTC'), 'price': 182.04999999573099, 'order_id': 'c41e04dcef53443bb85283d4c476a3f3', 'sid': Equity(7 [SBIN]), 'commission': None}]",570
571,"[{'amount': -1, 'dt': Timestamp('2020-05-05 04:16:00+0000', tz='UTC'), 'price': 179.89999999796467, 'order_id': '5e279ce47bc04c8489b772af869ea8f3', 'sid': Equity(7 [SBIN]), 'commission': None}]",571
572,"[{'amount': -4, 'dt': Timestamp('2020-05-06 04:16:00+0000', tz='UTC'), 'price': 168.54999999582026, 'order_id': 'f92edc39a8014539892e797438b79f81', 'sid': Equity(7 [SBIN]), 'commission': None}]",572
573,[],573
574,"[{'amount': 1, 'dt': Timestamp('2020-05-08 04:16:00+0000', tz='UTC'), 'price': 173.10000000041785, 'order_id': '49b675d197bd443eb52cc257ea0c8e1a', 'sid': Equity(7 [SBIN]), 'commission': None}]",574
575,"[{'amount': -1, 'dt': Timestamp('2020-05-11 04:16:00+0000', tz='UTC'), 'price': 167.39999999951388, 'order_id': 'a518926af8f44fd5b7b7428cd66a8456', 'sid': Equity(7 [SBIN]), 'commission': None}]",575
576,"[{'amount': -2, 'dt': Timestamp('2020-05-12 04:16:00+0000', tz='UTC'), 'price': 162.29999999710736, 'order_id': '23078e7840364f26927b60407d444dcb', 'sid': Equity(7 [SBIN]), 'commission': None}]",576
577,"[{'amount': 2, 'dt': Timestamp('2020-05-13 04:16:00+0000', tz='UTC'), 'price': 170.75000000028112, 'order_id': 'da5fa20eb62b4ebfb4a2dba7167255bc', 'sid': Equity(7 [SBIN]), 'commission': None}]",577
578,[],578
579,[],579
580,"[{'amount': -4, 'dt': Timestamp('2020-05-18 04:16:00+0000', tz='UTC'), 'price': 158.39999999961407, 'order_id': '367bc5636bd645c0b3c5aabe80bb0c38', 'sid': Equity(7 [SBIN]), 'commission': None}]",580
581,"[{'amount': -2, 'dt': Timestamp('2020-05-19 04:16:00+0000', tz='UTC'), 'price': 155.09999999971868, 'order_id': 'ce60345dfe4946c889467f32dc0e0858', 'sid': Equity(7 [SBIN]), 'commission': None}]",581
582,"[{'amount': -1, 'dt': Timestamp('2020-05-20 04:16:00+0000', tz='UTC'), 'price': 151.59999999943548, 'order_id': 'bdc4f3c820d5453d86b872c9a2c56dfc', 'sid': Equity(7 [SBIN]), 'commission': None}]",582
583,[],583
584,[],584
585,[],585
586,"[{'amount': -1, 'dt': Timestamp('2020-05-27 04:16:00+0000', tz='UTC'), 'price': 150.89999999678312, 'order_id': '9839115ec9a04aae9b984346a1c06a0e', 'sid': Equity(7 [SBIN]), 'commission': None}]",586
587,"[{'amount': 4, 'dt': Timestamp('2020-05-28 04:16:00+0000', tz='UTC'), 'price': 161.00000000544728, 'order_id': 'd4891f7919094b16b9ba8db390f0ff16', 'sid': Equity(7 [SBIN]), 'commission': None}]",587
588,"[{'amount': -1, 'dt': Timestamp('2020-05-29 04:16:00+0000', tz='UTC'), 'price': 156.7999999997431, 'order_id': '0d76e0a813564882911d925712ad13bd', 'sid': Equity(7 [SBIN]), 'commission': None}]",588
589,"[{'amount': 4, 'dt': Timestamp('2020-06-01 04:16:00+0000', tz='UTC'), 'price': 166.7000000076061, 'order_id': 'bb32bbd8896a49cab179417fcc8954c5', 'sid': Equity(7 [SBIN]), 'commission': None}]",589
590,"[{'amount': 1, 'dt': Timestamp('2020-06-02 04:16:00+0000', tz='UTC'), 'price': 170.25000000074758, 'order_id': '70f6e24270394068aeb7f17489332fe7', 'sid': Equity(7 [SBIN]), 'commission': None}]",590
591,"[{'amount': 1, 'dt': Timestamp('2020-06-03 04:16:00+0000', tz='UTC'), 'price': 173.55000000046257, 'order_id': 'a4e8878149da4917bfcce4369d7372fe', 'sid': Equity(7 [SBIN]), 'commission': None}]",591
592,[],592
593,"[{'amount': 3, 'dt': Timestamp('2020-06-05 04:16:00+0000', tz='UTC'), 'price': 180.75000000015442, 'order_id': '3e11235223644968a6edadb28067c954', 'sid': Equity(7 [SBIN]), 'commission': None}]",593
594,"[{'amount': 4, 'dt': Timestamp('2020-06-08 04:16:00+0000', tz='UTC'), 'price': 195.15000000140483, 'order_id': '12a004a7118d45f3ac112e38d193f64e', 'sid': Equity(7 [SBIN]), 'commission': None}]",594
595,"[{'amount': -2, 'dt': Timestamp('2020-06-09 04:16:00+0000', tz='UTC'), 'price': 185.64999999933647, 'order_id': '0b6aaad1281a49169bd09b03f5cd2955', 'sid': Equity(7 [SBIN]), 'commission': None}]",595
596,[],596
597,"[{'amount': 1, 'dt': Timestamp('2020-06-11 04:16:00+0000', tz='UTC'), 'price': 189.60000000049374, 'order_id': 'd4f937355da84751bd09e1008240df1b', 'sid': Equity(7 [SBIN]), 'commission': None}]",597
598,"[{'amount': -5, 'dt': Timestamp('2020-06-12 04:16:00+0000', tz='UTC'), 'price': 172.6999999912676, 'order_id': '1d856a94dfd54c98a53d71c1d33d3fae', 'sid': Equity(7 [SBIN]), 'commission': None}]",598
599,[],599
600,"[{'amount': 1, 'dt': Timestamp('2020-06-16 04:16:00+0000', tz='UTC'), 'price': 176.8500000002051, 'order_id': '768a22447f1549bcb96e80eeb9c14c78', 'sid': Equity(7 [SBIN]), 'commission': None}]",600
601,"[{'amount': -2, 'dt': Timestamp('2020-06-17 04:16:00+0000', tz='UTC'), 'price': 171.24999999607024, 'order_id': '8a55783a58714d9581d66ad3406e6419', 'sid': Equity(7 [SBIN]), 'commission': None}]",601
602,[],602
603,"[{'amount': 3, 'dt': Timestamp('2020-06-19 04:16:00+0000', tz='UTC'), 'price': 180.45000000104113, 'order_id': '8eb89abae1ab482ea2861b281ca152bc', 'sid': Equity(7 [SBIN]), 'commission': None}]",603
604,"[{'amount': 2, 'dt': Timestamp('2020-06-22 04:16:00+0000', tz='UTC'), 'price': 187.40000000215397, 'order_id': '2e7f0b7a33924180b074527d0fc09710', 'sid': Equity(7 [SBIN]), 'commission': None}]",604
605,"[{'amount': 106, 'dt': Timestamp('2020-06-23 04:16:00+0000', tz='UTC'), 'price': 189.85000731354552, 'order_id': '783040acd0f546aa83325039c58e5040', 'sid': Equity(7 [SBIN]), 'commission': None}]",605
606,[],606
607,"[{'amount': 2, 'dt': Timestamp('2020-06-25 04:16:00+0000', tz='UTC'), 'price': 183.05000000248708, 'order_id': 'd4a904c8561d45b0b4ce6e5673553d2c', 'sid': Equity(7 [SBIN]), 'commission': None}]",607
608,[],608
609,"[{'amount': 1, 'dt': Timestamp('2020-06-29 04:16:00+0000', tz='UTC'), 'price': 180.95000000036558, 'order_id': '759d97bfa33d4bb09d2805bc360626ed', 'sid': Equity(7 [SBIN]), 'commission': None}]",609
610,[],610
611,[],611
612,"[{'amount': -1, 'dt': Timestamp('2020-07-02 04:16:00+0000', tz='UTC'), 'price': 187.6999999991252, 'order_id': '64a9541716a54b769526ccfeedffecaa', 'sid': Equity(7 [SBIN]), 'commission': None}]",612
613,[],613
614,[],614
615,[],615
616,"[{'amount': -1, 'dt': Timestamp('2020-07-08 04:16:00+0000', tz='UTC'), 'price': 192.49999999993113, 'order_id': '6333dbebc6624a19a9203d1a2d8e7a10', 'sid': Equity(7 [SBIN]), 'commission': None}]",616
617,"[{'amount': -1, 'dt': Timestamp('2020-07-09 04:16:00+0000', tz='UTC'), 'price': 194.09999999977305, 'order_id': 'dc3c23b570d741948f3044048451b37c', 'sid': Equity(7 [SBIN]), 'commission': None}]",617
618,"[{'amount': -2, 'dt': Timestamp('2020-07-10 04:16:00+0000', tz='UTC'), 'price': 201.59999999982307, 'order_id': '07fd2f26c7014c8682549051e42fc6ef', 'sid': Equity(7 [SBIN]), 'commission': None}]",618
619,"[{'amount': 1, 'dt': Timestamp('2020-07-13 04:16:00+0000', tz='UTC'), 'price': 196.9500000008228, 'order_id': 'ab714a6003104a1a971d4d0e4fcef6ed', 'sid': Equity(7 [SBIN]), 'commission': None}]",619
620,"[{'amount': 1, 'dt': Timestamp('2020-07-14 04:16:00+0000', tz='UTC'), 'price': 189.65000000190398, 'order_id': 'a1047106af5142aebf4d965be8cc6a58', 'sid': Equity(7 [SBIN]), 'commission': None}]",620
621,"[{'amount': 1, 'dt': Timestamp('2020-07-15 04:16:00+0000', tz='UTC'), 'price': 188.80000000163258, 'order_id': 'edb8612c54b5413fa186ce5a1697e605', 'sid': Equity(7 [SBIN]), 'commission': None}]",621
622,"[{'amount': 1, 'dt': Timestamp('2020-07-16 04:16:00+0000', tz='UTC'), 'price': 185.50000000001793, 'order_id': 'b30ce66245c14fadb203620677c4cff7', 'sid': Equity(7 [SBIN]), 'commission': None}]",622
623,[],623
624,"[{'amount': -1, 'dt': Timestamp('2020-07-20 04:16:00+0000', tz='UTC'), 'price': 191.8999999999341, 'order_id': 'ba70871064ee4601a93e026bc834b825', 'sid': Equity(7 [SBIN]), 'commission': None}]",624
625,"[{'amount': -1, 'dt': Timestamp('2020-07-21 04:16:00+0000', tz='UTC'), 'price': 193.34999999829714, 'order_id': 'd65663cfd70a4e3393a1902067b3726e', 'sid': Equity(7 [SBIN]), 'commission': None}]",625
626,[],626
627,[],627
628,[],628
629,"[{'amount': 1, 'dt': Timestamp('2020-07-27 04:16:00+0000', tz='UTC'), 'price': 188.20000000088976, 'order_id': '6c2e19ff45864fdf95b3e637ecc130c4', 'sid': Equity(7 [SBIN]), 'commission': None}]",629
630,[],630
631,[],631
632,[],632
633,[],633
634,[],634
635,[],635
636,"[{'amount': -1, 'dt': Timestamp('2020-08-05 04:16:00+0000', tz='UTC'), 'price': 195.94999999994894, 'order_id': '05cd27c6afda486389ebab2fa14b2976', 'sid': Equity(7 [SBIN]), 'commission': None}]",636
637,[],637
638,[],638
639,[],639
640,[],640
641,"[{'amount': -2, 'dt': Timestamp('2020-08-12 04:16:00+0000', tz='UTC'), 'price': 202.94999999997398, 'order_id': '20ae09c6e9294c378881df93b7549e34', 'sid': Equity(7 [SBIN]), 'commission': None}]",641
642,[],642
643,[],643
644,"[{'amount': 1, 'dt': Timestamp('2020-08-17 04:16:00+0000', tz='UTC'), 'price': 193.20000000005388, 'order_id': '1b1af6c5baa44a71b0c2b42beba0737e', 'sid': Equity(7 [SBIN]), 'commission': None}]",644
645,"[{'amount': 1, 'dt': Timestamp('2020-08-18 04:16:00+0000', tz='UTC'), 'price': 192.70000000049853, 'order_id': '4da276f9349143f7bef96980bd19590b', 'sid': Equity(7 [SBIN]), 'commission': None}]",645
646,"[{'amount': -1, 'dt': Timestamp('2020-08-19 04:16:00+0000', tz='UTC'), 'price': 198.84999999975875, 'order_id': 'efcd23b6031f41409e782a7f0207fc06', 'sid': Equity(7 [SBIN]), 'commission': None}]",646
647,[],647
648,[],648
649,[],649
650,"[{'amount': -1, 'dt': Timestamp('2020-08-25 04:16:00+0000', tz='UTC'), 'price': 206.39999999993552, 'order_id': '34c4b076b8944f0993094eed5dfd96c4', 'sid': Equity(7 [SBIN]), 'commission': None}]",650
651,"[{'amount': -1, 'dt': Timestamp('2020-08-26 04:16:00+0000', tz='UTC'), 'price': 206.9999999997037, 'order_id': 'de63a248d38e4355b648a8b440749f5d', 'sid': Equity(7 [SBIN]), 'commission': None}]",651
652,"[{'amount': -1, 'dt': Timestamp('2020-08-27 04:16:00+0000', tz='UTC'), 'price': 212.19999999980607, 'order_id': 'bad0a2cc23704d4a972f6a7cec19f069', 'sid': Equity(7 [SBIN]), 'commission': None}]",652
653,"[{'amount': -1, 'dt': Timestamp('2020-08-28 04:16:00+0000', tz='UTC'), 'price': 218.4999999984943, 'order_id': '08c04d2893f6438589afa7e414b62ea2', 'sid': Equity(7 [SBIN]), 'commission': None}]",653
654,"[{'amount': -2, 'dt': Timestamp('2020-08-31 04:16:00+0000', tz='UTC'), 'price': 227.34999999819613, 'order_id': '2bd5fd8ed38c4264afe20d690c5dae11', 'sid': Equity(7 [SBIN]), 'commission': None}]",654
655,"[{'amount': 1, 'dt': Timestamp('2020-09-01 04:16:00+0000', tz='UTC'), 'price': 216.20000000098784, 'order_id': 'bdbaaca1e15e42ff97c1ca2b6aaabea9', 'sid': Equity(7 [SBIN]), 'commission': None}]",655
656,"[{'amount': 1, 'dt': Timestamp('2020-09-02 04:16:00+0000', tz='UTC'), 'price': 214.0500000002891, 'order_id': 'd712c2434ec744d8bbd5a37e88e43243', 'sid': Equity(7 [SBIN]), 'commission': None}]",656
657,[],657
658,"[{'amount': 1, 'dt': Timestamp('2020-09-04 04:16:00+0000', tz='UTC'), 'price': 208.80000000036839, 'order_id': '58a6963a9ad34c6395ac5cb824ab5792', 'sid': Equity(7 [SBIN]), 'commission': None}]",658
659,"[{'amount': 1, 'dt': Timestamp('2020-09-07 04:16:00+0000', tz='UTC'), 'price': 206.05000000035884, 'order_id': 'aedbee3aef1e4029a7a48480d3964216', 'sid': Equity(7 [SBIN]), 'commission': None}]",659
660,[],660
661,"[{'amount': 1, 'dt': Timestamp('2020-09-09 04:16:00+0000', tz='UTC'), 'price': 197.9500000000965, 'order_id': 'db8837a24b864ba9980388c5d7e063ac', 'sid': Equity(7 [SBIN]), 'commission': None}]",661
662,[],662
663,[],663
664,[],664
665,[],665
666,[],666
667,"[{'amount': 1, 'dt': Timestamp('2020-09-17 04:16:00+0000', tz='UTC'), 'price': 197.10000000237926, 'order_id': '6a73bf99194248b3884e773234aeec4a', 'sid': Equity(7 [SBIN]), 'commission': None}]",667
668,[],668
669,"[{'amount': 1, 'dt': Timestamp('2020-09-21 04:16:00+0000', tz='UTC'), 'price': 191.25000000117234, 'order_id': '01b300d1dd93422099a9cc7ca1c5f0dc', 'sid': Equity(7 [SBIN]), 'commission': None}]",669
670,"[{'amount': 2, 'dt': Timestamp('2020-09-22 04:16:00+0000', tz='UTC'), 'price': 182.75000000236795, 'order_id': 'd9cdeccc7a40433d813bd105aa0d0b57', 'sid': Equity(7 [SBIN]), 'commission': None}]",670
671,[],671
672,"[{'amount': 1, 'dt': Timestamp('2020-09-24 04:16:00+0000', tz='UTC'), 'price': 180.40000000155405, 'order_id': '7b820fd1ce7c48eea9b4881eaeb4d4d4', 'sid': Equity(7 [SBIN]), 'commission': None}]",672
673,"[{'amount': 1, 'dt': Timestamp('2020-09-25 04:16:00+0000', tz='UTC'), 'price': 177.70000000017768, 'order_id': 'dd79368a5b0d465b8d3f01b1f9323427', 'sid': Equity(7 [SBIN]), 'commission': None}]",673
674,"[{'amount': -2, 'dt': Timestamp('2020-09-28 04:16:00+0000', tz='UTC'), 'price': 185.39999998964717, 'order_id': '1c151fd9a50842dcbfde4a22e07ee182', 'sid': Equity(7 [SBIN]), 'commission': None}]",674
675,"[{'amount': -107, 'dt': Timestamp('2020-09-29 04:16:00+0000', tz='UTC'), 'price': 185.69995211055186, 'order_id': 'e115c7b25c33407eb6e4be989e9a2fed', 'sid': Equity(7 [SBIN]), 'commission': None}]",675
676,"[{'amount': -1, 'dt': Timestamp('2020-09-30 04:16:00+0000', tz='UTC'), 'price': 183.04999999758277, 'order_id': 'ce0f21ff1faa4a56aa38b1748885d63b', 'sid': Equity(7 [SBIN]), 'commission': None}]",676
677,"[{'amount': 1, 'dt': Timestamp('2020-10-01 04:16:00+0000', tz='UTC'), 'price': 189.5500000009876, 'order_id': '0ce41666e0ad497f91781ad5c7edc78d', 'sid': Equity(7 [SBIN]), 'commission': None}]",677
678,"[{'amount': 1, 'dt': Timestamp('2020-10-05 04:16:00+0000', tz='UTC'), 'price': 193.05000000025646, 'order_id': '31b081ace53742f59dc1d7480adccdb7', 'sid': Equity(7 [SBIN]), 'commission': None}]",678
679,[],679
680,[],680
681,[],681
682,[],682
683,"[{'amount': 3, 'dt': Timestamp('2020-10-12 04:16:00+0000', tz='UTC'), 'price': 204.6000000101708, 'order_id': '160a0bd1c6b646bda2c28debdddaf74f', 'sid': Equity(7 [SBIN]), 'commission': None}]",683
684,"[{'amount': -1, 'dt': Timestamp('2020-10-13 04:16:00+0000', tz='UTC'), 'price': 197.09999999969645, 'order_id': '8064695b4a2a460d9968eed823081335', 'sid': Equity(7 [SBIN]), 'commission': None}]",684
685,"[{'amount': -1, 'dt': Timestamp('2020-10-14 04:16:00+0000', tz='UTC'), 'price': 193.49999999855976, 'order_id': '4e4d66f5a54642c78419acd7545b0b1a', 'sid': Equity(7 [SBIN]), 'commission': None}]",685
686,"[{'amount': 1, 'dt': Timestamp('2020-10-15 04:16:00+0000', tz='UTC'), 'price': 201.35000000027208, 'order_id': '1ba50fc1b4f04cdb96b70a2d1db58040', 'sid': Equity(7 [SBIN]), 'commission': None}]",686
687,"[{'amount': -1, 'dt': Timestamp('2020-10-16 04:16:00+0000', tz='UTC'), 'price': 193.99999999923722, 'order_id': '03637627144e47b890f3e27716cb3605', 'sid': Equity(7 [SBIN]), 'commission': None}]",687
688,"[{'amount': 1, 'dt': Timestamp('2020-10-19 04:16:00+0000', tz='UTC'), 'price': 199.10000000005965, 'order_id': '67d47e29186d4543bc573ece68f4e999', 'sid': Equity(7 [SBIN]), 'commission': None}]",688
689,"[{'amount': 1, 'dt': Timestamp('2020-10-20 04:16:00+0000', tz='UTC'), 'price': 202.1000000015788, 'order_id': 'e0bf492acd1f4e038898aa50ad989019', 'sid': Equity(7 [SBIN]), 'commission': None}]",689
690,"[{'amount': 1, 'dt': Timestamp('2020-10-21 04:16:00+0000', tz='UTC'), 'price': 207.0000000000921, 'order_id': '03a1eb0cdf5c435f8ee5b7baec8f47f2', 'sid': Equity(7 [SBIN]), 'commission': None}]",690
691,[],691
692,[],692
693,"[{'amount': -1, 'dt': Timestamp('2020-10-26 04:16:00+0000', tz='UTC'), 'price': 201.94999999712562, 'order_id': 'effee86be37c42a98692a1fe1cad0e1f', 'sid': Equity(7 [SBIN]), 'commission': None}]",693
694,"[{'amount': -2, 'dt': Timestamp('2020-10-27 04:16:00+0000', tz='UTC'), 'price': 194.64999999984022, 'order_id': 'ceff63f57a79450e836f206785b53057', 'sid': Equity(7 [SBIN]), 'commission': None}]",694
695,[],695
696,"[{'amount': -1, 'dt': Timestamp('2020-10-29 04:16:00+0000', tz='UTC'), 'price': 188.0499999997418, 'order_id': '5061c01f377447de86b1b7e891668d18', 'sid': Equity(7 [SBIN]), 'commission': None}]",696
697,[],697
698,[],698
699,"[{'amount': 2, 'dt': Timestamp('2020-11-03 04:16:00+0000', tz='UTC'), 'price': 201.1500000017724, 'order_id': 'b67789207c594920b411d0a3af86b3e5', 'sid': Equity(7 [SBIN]), 'commission': None}]",699
700,"[{'amount': 2, 'dt': Timestamp('2020-11-04 04:16:00+0000', tz='UTC'), 'price': 206.1000000008586, 'order_id': '33a5b876d8484a4dae00b976d189b129', 'sid': Equity(7 [SBIN]), 'commission': None}]",700
701,"[{'amount': 92, 'dt': Timestamp('2020-11-05 04:16:00+0000', tz='UTC'), 'price': 218.50000105248932, 'order_id': 'e1d4e3cfafc341afba2d0ea33416bce4', 'sid': Equity(7 [SBIN]), 'commission': None}]",701
702,[],702
703,[],703
704,[],704
705,"[{'amount': -2, 'dt': Timestamp('2020-11-11 04:16:00+0000', tz='UTC'), 'price': 236.94999999944014, 'order_id': '22b5a1e31465436d996e8e0bd8d64388', 'sid': Equity(7 [SBIN]), 'commission': None}]",705
706,[],706
707,"[{'amount': 2, 'dt': Timestamp('2020-11-13 04:16:00+0000', tz='UTC'), 'price': 221.20000001367862, 'order_id': 'a367ec731e77427bad5ed41f5ad4ec3b', 'sid': Equity(7 [SBIN]), 'commission': None}]",707
708,"[{'amount': -1, 'dt': Timestamp('2020-11-17 04:16:00+0000', tz='UTC'), 'price': 235.99999999997578, 'order_id': 'cb214ab022c04673b81d3e0f7825ab01', 'sid': Equity(7 [SBIN]), 'commission': None}]",708
709,"[{'amount': -2, 'dt': Timestamp('2020-11-18 04:16:00+0000', tz='UTC'), 'price': 246.14999999989774, 'order_id': 'c27847e6d40244cf9cb2b8d864a5a724', 'sid': Equity(7 [SBIN]), 'commission': None}]",709
710,"[{'amount': -1, 'dt': Timestamp('2020-11-19 04:16:00+0000', tz='UTC'), 'price': 250.99999999980596, 'order_id': 'c077fd9358bc463c81c5ac6017ea717b', 'sid': Equity(7 [SBIN]), 'commission': None}]",710
711,"[{'amount': 1, 'dt': Timestamp('2020-11-20 04:16:00+0000', tz='UTC'), 'price': 238.6000000008347, 'order_id': 'd7c1007eff8d458d83ff3a90747f5075', 'sid': Equity(7 [SBIN]), 'commission': None}]",711
712,[],712
713,[],713
714,[],714
715,[],715
716,[],716
717,[],717
718,"[{'amount': -1, 'dt': Timestamp('2020-12-02 04:16:00+0000', tz='UTC'), 'price': 249.84999999892986, 'order_id': 'b5e7e30312ef46d786025fad47072abc', 'sid': Equity(7 [SBIN]), 'commission': None}]",718
719,[],719
720,"[{'amount': -1, 'dt': Timestamp('2020-12-04 04:16:00+0000', tz='UTC'), 'price': 257.3999999996997, 'order_id': '21c49f756c1e46078c3d2f0ee492ad59', 'sid': Equity(7 [SBIN]), 'commission': None}]",720
721,"[{'amount': -1, 'dt': Timestamp('2020-12-07 04:16:00+0000', tz='UTC'), 'price': 264.849999997011, 'order_id': 'd7dea77c39ac46278d59e5b88b39105f', 'sid': Equity(7 [SBIN]), 'commission': None}]",721
722,[],722
723,"[{'amount': -1, 'dt': Timestamp('2020-12-09 04:16:00+0000', tz='UTC'), 'price': 273.49999999875723, 'order_id': '26edbaf8676e4450adb45026a56856f0', 'sid': Equity(7 [SBIN]), 'commission': None}]",723
724,[],724
725,[],725
726,[],726
727,[],727
728,[],728
729,[],729
730,[],730
731,[],731
732,"[{'amount': 2, 'dt': Timestamp('2020-12-22 04:16:00+0000', tz='UTC'), 'price': 249.7000000004006, 'order_id': '3bcb7b685c884f05b33ff27afee681b8', 'sid': Equity(7 [SBIN]), 'commission': None}]",732
733,[],733
734,"[{'amount': -1, 'dt': Timestamp('2020-12-24 04:16:00+0000', tz='UTC'), 'price': 265.999999990435, 'order_id': 'b35f6cc5430149ce995b80d36f81b9ad', 'sid': Equity(7 [SBIN]), 'commission': None}]",734
735,[],735
736,"[{'amount': -1, 'dt': Timestamp('2020-12-29 04:16:00+0000', tz='UTC'), 'price': 278.5999999933807, 'order_id': '59eabf7699e74eb59dd8e93c273d2b98', 'sid': Equity(7 [SBIN]), 'commission': None}]",736
737,[],737
738,[],738
739,[],739
